Title,Description,Category
50% Deployment Time Reduction,Streamlines information architecture development process to reduce deployment time by 50% or more.,Performance
Activity Logs,Activity logging system that allows for team collaboration and tracking of changes.,Analytics
Adaptable Business Requirements,Easily adaptable to changing business requirements without extensive reconfiguration.,Core
Automated IA Building,Automates the complex and time-intensive task of building and maintaining a robust information architecture.,Core
Central Reporting,Centralized reporting capabilities to track and monitor information architecture activities.,Analytics
Centralized Information Architecture Management,Single-interface solution for creating and maintaining information architecture for SharePoint Online in one central location.,Core
Code-Free UI-Driven Application,User-friendly interface that eliminates the need for SharePoint developers to build and maintain information architecture.,UX
Compliance Management Support,Enables compliance management through structured information architecture.,Security
Content Findability Enhancement,Strong foundation for content findability to help employees locate needed information.,Core
Content Lifecycle Management,Enables sustainable content lifecycle management through proper information architecture.,Core
Design Consistency Enforcement,Ensures consistency of design across entire SharePoint Online environment through centralized controls.,Core
Error-Free Deployments,Ensures that information architecture deployments are implemented correctly through testing and validation.,Core
Governance Support,Promotes good governance practices through strong information architecture foundation.,Security
HELUX Blueprint Integration,Integrates with HELUX Blueprint comprehensive content migration methodology.,Integration
Microsoft App Store Availability,Available for purchase and download from the Microsoft App Store for self-service deployment.,Integration
Records Management Foundation,Provides foundation for effective records management practices within SharePoint Online.,Core
Reusable Components,Enables creation of reusable building blocks to ensure consistency of design across SharePoint Online.,Core
Sandbox Testing,Iterative sandbox testing environment to ensure information architecture deployments are implemented correctly every time.,Core
SharePoint Online Integration,Native integration with SharePoint Online to manage structure and publishing experience.,Integration
Site Creation Automation,Automated site creation capabilities for SharePoint Online based on defined templates and structures.,Core
Site Maintenance Tools,Tools for ongoing maintenance of SharePoint sites from a central interface.,Core
Step-by-Step Workflow,"Guided workflow that makes it easy to collaborate during building, testing and deployment of information architecture.",UX
THEMIS ICE Integration,Works in conjunction with THEMIS ICE intelligent content migration solution.,Integration
Team Collaboration,Built-in collaboration features that enable teams to work together on information architecture development.,Core
Temporary Site Creation,Ability to create temporary sites from a single design to ensure consistency across SharePoint Online.,Core
User Adoption Support,Features designed to promote user adoption of SharePoint Online through intuitive information architecture.,UX